fold1,fold2,fold3,fold4,fold5,fold6,fold7,fold8,fold9,fold10
0.7916666666666666,0.875,0.7916666666666666,0.8333333333333334,0.9583333333333334,0.8333333333333334,0.9166666666666666,0.9583333333333334,1.0,0.8333333333333334
