fold1,fold2,fold3,fold4,fold5,fold6,fold7,fold8,fold9,fold10
6.314624398138989,7.224024788143732,8.136941348906355,9.21901601659448,10.488774642464652,8.072721206945916,5.709322368856589,10.048760500006141,6.37470903312155,5.277608775466324
