fold1,fold2,fold3,fold4,fold5,fold6,fold7,fold8,fold9,fold10
7.143166173532767,8.126602742048826,8.48082774563759,9.496612310098136,11.337258287917402,8.705763933604084,6.288726236372269,10.724389006282655,6.693619962828523,5.939911343798893
